,mkt_cap,PB_ratio,ROE,Asset_growth
MMM,102881837056,7.12083,0.46612000000000003,0.06012225979085972
ABT,209033216000,6.1843076,0.19658001,0.06865821143959816
ABBV,195927261184,15.586954,0.48855000000000004,0.689558435729114
ABMD,15442881536,11.810231,0.12818000000000002,0.22844692230419028
ACN,206376632320,10.575364,0.31868,0.16444124511412817
ATVI,60163493888,3.6941884,0.17412001,0.164474678760393
ADBE,275469172736,19.11895,0.44697000000000003,0.16963683652827277
AMD,129120649216,18.277815,0.66268,0.4867285998672859
AAP,13513650176,4.0903893,0.1776,0.05255008990067589
AES,16052612096,7.223388,-0.0374,0.028382073228720772
AFL,36810764288,1.1484065,0.18386999,0.08063206954335977
A,47325691904,9.857833,0.19945998,0.018514600084638122
APD,59721986048,4.5797615,0.15460000000000002,0.3286578541715057
AKAM,16938432512,3.970836,0.13941,0.1080714029028016
ALK,7496386048,2.6074536,-0.35501000000000005,0.08104363888247512
ALB,25947301888,4.515264,0.08828000000000001,0.059840908447871044
ARE,28782845952,2.1878996,0.07214000000000001,0.24128622256824617
ALGN,52341735424,15.423594,0.14668,0.9313308822882536
ALLE,11835717632,16.277687,0.6369100000000001,0.03444324615799399
LNT,14172649472,2.4579212999999998,0.10541,0.06041554397940252
ALL,38117826560,1.5498459,0.27090000000000003,0.05032930387661527
GOOGL,1884591357952,8.124163,0.28290000000000004,0.1584109253413264
GOOG,1830072221696,8.121858,0.28290000000000004,0.1584109253413264
MO,86420258816,29.548634,0.9945200000000001,-0.03768951310101276
AMZN,1665494679552,16.109415,0.31229,0.4259616067623242
AMCR,18254792704,3.5544881999999998,0.18285999,-0.042114768424118876
AEE,21139343360,2.3103564,0.103970006,0.10704040369128687
AAL,12936694784,-1.8838932031338287,1.2938692296490462,0.033552796066338875
AEP,42048966656,2.0029042,0.11129000000000001,0.06410268235380934
AXP,140007669760,5.7243733,0.30154000000000003,-0.03506436534708879
AIG,49085665280,0.79038274,0.06719,0.1169705026434873
AMT,120999149568,30.478752,0.42044997,0.10354519457216549
AWK,31964555264,4.754383,0.11498000500000001,0.09187902301384354
AMP,32030347264,5.825744,0.17479,0.09257185762836895
ABC,24592723968,-29.28974367292493,-1.7075,0.1302678598324618
AME,28984952832,4.7355313,0.14819000000000002,0.052102283098714786
AMGN,120150728704,12.888751,0.60785,0.05428174250925344
APH,45179768832,8.265908,0.26123,0.13978087004761686
ADI,61586731008,5.0616875,0.14152999,0.0035508472282594905
ANSS,30390634496,7.389646,0.12430999400000001,0.22767694306562647
ANTM,93201170432,2.7542145,0.12204000000000001,0.11829109266264703
AON,66177753088,15.572665,0.51827997,0.09212718925352825
AOS,10375085056,5.6113862999999995,0.22561,0.03358404185742314
APA,8617784320,55.59860785548387,2.1510699,-0.29607334180151323
AAPL,2391166156800,34.561024,1.27125,-0.04321213768330001
AMAT,116879884288,9.745465,0.49073002,0.1749894869638351
APTV,44572303360,5.629377,0.13878000000000001,0.3018797830448028
ADM,35209400320,1.6903145,0.113170005,0.1300543218855832
ANET,27790292992,8.045251,0.21638000000000002,0.1322797225520813
AJG,30054942720,4.4651065,0.13485,0.13733778800904517
AIZ,9853580288,1.6947757,0.07779000000000001,0.008098674228740776
T,193422589952,1.1687808,-0.0028400002,-0.046962943359151965
ATO,11729119232,1.4996492,0.09584000000000001,0.14897290235456295
ADSK,62268076032,55.180344,2.62266,0.1780946061851667
ADP,88324775936,15.584503,0.45499000000000006,0.24529241296549253
AZO,36275625984,-41.31728519539806,-1.9738239156606607,0.4575584890449218
AVB,31556311040,2.952957,0.09906000000000001,0.004084137425291123
AVY,17708032000,11.200777,0.5040600000000001,0.10842078414225331
BKR,25821018112,1.0516167068698608,-0.015140001,-0.2878450036538065
BLL,30169919488,8.635724,0.26611,0.051382488479262634
BAC,378078396416,1.5178725,0.1018,0.15839584499927906
BBWI,,,-1.2749244712990937,0.14281481481481473
BAX,40519815168,4.792435,0.1328,0.10036827351179034
BDX,70305251328,2.832156,0.08119000500000001,0.04340770791075044
BRK-B,647381123072,0.0009638890000000001,0.24384001,0.06848234561816935
BBY,26948388864,6.4793735,0.59037995,0.22294913732281452
BIO,21903190016,2.0520186,0.42700002000000004,0.6197835421999562
TECH,18994706432,12.326797,0.094560005,0.11608269723301912
BIIB,43325214720,4.057041,0.22143999,-0.09603331093510759
BLK,128480272384,3.6340613,0.16781999,0.049578346834932674
BK,47739977728,1.1813003,0.08151000000000001,0.23099122429935948
BA,132447764480,-7.327677188178146,0.6482310548154618,0.13852946679139388
BKNG,101359362048,21.27513,0.09411000500000001,0.022054013643584724
BWA,10980241408,1.7245536000000001,0.14968,0.6521335807050093
BXP,17708154880,3.0659893,0.049569998000000004,0.07391552839911664
BSX,61980090368,3.9421600999999997,0.016800000000000002,0.006936037951905671
BMY,133133049856,3.5037408,-0.11760000000000001,-0.08821492335159764
AVGO,202636115968,8.459272,0.25320998,0.12505000518572307
BR,19613681664,12.316779,0.37023,0.26003040688535584
BRO,16755863552,4.375828,0.1444,0.1762695201684521
BF-B,31772721152,12.224225,0.38998002,0.1311134235171696
CHRW,11921133568,6.393267,0.34820998000000003,0.10842307576286458
CDNS,42365845504,16.66302,0.28426,0.17680078040643687
CZR,24240390144,5.237172,-0.72277,5.450097500443184
CPB,12786979840,4.3757777,0.2891,-0.05902038332826287
COF,75795972096,1.3611377,0.19621000000000002,0.08001998129955301
CAH,14217251840,7.966184,0.34133,0.09044301623902262
KMX,21429884928,4.910648,0.28465,0.021788968523277052
CCL,29156325376,1.3991886,-0.47143,0.1894225220826491
CARR,46361092096,7.047901393979933,0.43949002000000004,0.11992323484780854
CTLT,22321614848,6.009906,0.15039000000000002,0.1716600231451717
CAT,107229306880,6.469791,0.22304001,-0.001644296585216587
CBOE,13336816640,4.4497046,0.13075,0.27427208197266273
CBRE,33109204992,4.4915986,0.16833,0.11372011550641226
CDW,24880603136,21.290943,0.89165,0.168175113133485
CE,18029164544,5.090152,0.72103995,0.1512241452089489
CNC,37277556736,1.4150151,0.09736,0.6763184856320437
CNP,14103925760,2.3555965,0.10902,-0.057924512370176484
CDAY,17689180160,8.174482,-0.030150002000000002,0.10115516703090854
CERN,21315164160,4.950315,0.19697,0.09086415469912645
CF,13012480000,4.2957296,0.106639996,-0.012241209332895187
CRL,20933810176,9.578303,0.19379999,0.17005683186334775
SCHW,144098279424,3.196368,0.10381999600000001,0.8673457934388871
CHTR,139980734464,6.6666965000000005,0.14588,-0.026871271627932125
CVX,203757387776,1.5449614999999999,0.02704,0.009948279057230058
CMG,51984687104,24.791178,0.21566000000000002,0.17205879241563116
CB,80188907520,1.3573463000000001,0.14243001,0.07816641517324796
CHD,20350513152,6.335319,0.25263,0.11372307507435342
CI,70133645312,1.4638246,0.17026000000000002,-0.0020735167614621686
CINF,19149600768,1.7182713,0.31929,0.08398929471032757
CTAS,42105241600,11.03099,0.33038,0.07391740554128257
CSCO,231865286656,5.7679005,0.2692,-0.030063501477610832
C,149220343808,0.81868494,0.10967,0.15833264143652137
CFG,20725753856,1.0018324,0.08896000000000001,0.10629144467305851
CTXS,12939443200,51.487156,3.6449702,0.11424685674809743
CLX,20528842752,27.625105,0.95866996,0.01947529373893442
CME,72577089536,2.729372,0.071669996,0.6573702424905572
CMS,17532592128,3.0618743999999998,0.1472,0.10541416700823492
KO,232313323520,11.410419,0.37257,0.010592607170558432
CTSH,39693029376,3.6004403,0.1516,0.04437176005924459
CL,63946797056,243.8387,5.65737,0.05893308500731664
CMCSA,263712260096,2.848494,0.13534000000000002,0.03969037332867664
CMA,11748433920,1.5140611,0.13894,0.2006348600855563
CAG,16637970432,1.9903449,0.14725000000000002,0.004060538944259839
COP,96497033216,2.2360851999999998,0.048860002,-0.11197776328105058
ED,26615318528,1.3365197,0.062090002000000005,0.08292153790526702
STZ,41728618496,3.0791,0.10904000000000001,-0.007993207237805278
COO,20431968256,3.3122566,0.48109,0.07379074029803179
CPRT,33329108992,10.257009,0.30596,0.35627176298478136
GLW,31449126912,2.562964,0.14229,0.06495259187487012
CTVA,31319422976,1.3084315,0.053150002,0.005943816779489186
COST,200410382336,12.807771,0.27616,0.06681546547627626
CTRA,420067456,0.1895861921273887,0.12229000000000001,0.008086699077050508
CCI,74704044032,8.368434,0.12136000000000001,0.008086954260602797
CSX,24373131264,1.8533662999999998,0.2637,0.040149515121415735
CMI,34337239040,4.2344584,0.26437,0.14627349647869492
CVS,110855192576,1.5604151,0.10172,0.03715907915971761
DHI,30385197056,2.3439283,0.26598,0.21181423244012154
DHR,215845339136,5.808476,0.1398,0.22678070938436257
DRI,20385339392,7.915058,0.24586001000000002,0.07138476387729864
DVA,12156713984,9.820693,0.34467000000000003,-0.018651184300929158
DE,107336130560,7.112089,0.38009998,0.028488857843338655
DAL,27939780608,57.77778,-1.33567,0.11566354676749513
XRAY,12662444032,2.5686448,0.036170002,0.08590026734859935
DVN,25992960000,3.1030304,0.050640002,-0.2773930159655902
DXCM,52142858240,27.396475,0.31663,0.7914405010438412
FANG,19024828416,1.7825408999999999,-0.31184,-0.25124304109472606
DLR,40461381632,2.424943,0.0322,0.5639017742703125
DFS,38991589376,3.2081463,0.42613998000000003,-0.009710867047966643
DISCA,12445143040,1.6036363,0.095,0.010434267081665949
DISCK,13320163328,1.5375758,0.095,0.010434267081665949
DISH,23915589632,1.7492665,0.19041000000000002,0.1507334054849796
DG,49799098368,7.9678764,0.39858000000000005,0.13307902831814333
DLTR,22796439552,3.0738435,0.21084999000000001,0.05728852696862252
D,59561799680,2.4482827,0.07534,-0.07626441154657448
DPZ,18742855680,-5.67895666259141,-0.1488593066608492,0.13391004361504155
DOV,22999535616,6.5728860000000005,0.25839,0.05566621838895247
DOW,43706322944,3.1211991,0.28656000000000004,0.015630163241028283
DTE,22290229248,1.7758365,0.10871000600000001,0.0763698306047127
DUK,77660151808,1.6877016999999999,0.056490000000000005,0.022349815535325224
DRE,19015489536,3.663488,0.07063000000000001,0.0820410799184188
DD,37537296384,1.3805116,0.035980000000000005,0.022422817920950466
DXC,8821682176,1.5587045,0.06487000000000001,-0.15258017380604472
EMN,14312656896,2.2954154,0.054759998000000004,0.004685157421289388
ETN,61337120768,4.0904617,0.1272,-0.02990397805212619
EBAY,50529202176,13.39776,0.28823000000000004,0.06250687795752174
ECL,61896781824,9.836863,0.16858,-0.13144313841996058
EIX,21673498624,1.5387517,0.04828,0.07750613525519556
EW,68933328896,14.801121,0.32598000000000005,0.11544211710670305
EA,39574458368,4.9838805,0.08717000000000001,0.1958243340532757
EMR,58374791168,6.3938518,0.27682,0.11635849148655897
ENPH,21335955456,29.111275,0.18447000000000002,0.682646241077475
ETR,20757489664,1.8841055999999998,0.11343,0.12596301687312428
EOG,50071072768,2.4660094,0.09107999500000001,-0.03555611954205684
EFX,31564888064,9.51291,0.23289,0.21529902642559118
EQIX,68662099968,6.491332,0.03255,0.12689956005719027
EQR,31278036992,3.0344703,0.0671,-0.04184044137070597
ESS,21402187776,3.5521107,0.06801,0.018163293495957022
EL,114115158016,20.64603,0.5270400000000001,0.23564478938192446
ETSY,27520342016,40.148342,0.9144100000000001,0.558975512723425
EVRG,14379688960,1.6167033,0.09191,0.04384448662029028
ES,29568985088,2.0772607,0.08839000000000001,0.12099244442072221
RE,10665017344,1.1014017,0.13485,0.19998154739207585
EXC,47598190592,1.4867381,0.038130000000000004,0.03472638965569663
EXPE,25316554752,16.384558,-0.51322,-0.1272880089652596
EXPD,19501266944,6.7803874,0.35127,0.33468521762872294
EXR,23058718720,7.889366,0.22410000000000002,0.10119934925519591
XOM,256806535168,1.6359664999999999,-0.07788,-0.08231452549248885
FFIV,12130435072,6.055929,0.13902001,0.3798054730073519
FB,933490196480,6.997832,0.31332000000000004,0.19448776391554712
FAST,30285688832,10.867863,0.30647,0.043369562356904146
FRT,9457657856,4.052947,0.060730000000000006,0.11959278244919203
FDX,59157999616,2.6913328,0.24638000000000002,0.12565103281341372
FIS,75463155712,1.5254792,0.0019600000000000004,0.0004295635157387512
FITB,30787346432,1.5236804,0.11431000000000001,0.2084856142505418
FE,19814279168,2.6921372,0.18541001000000001,0.051133542942247256
FRC,35777978368,3.312656,0.10873000000000001,0.2256810586188971
FISV,72851185664,2.286683,0.036050000000000006,-0.03765846864158684
FLT,21985957888,6.5772347,0.24139999,-0.08604796277368876
FMC,11582176256,3.8496468,0.19409999,0.031774489248128646
F,59435520000,1.7569321,0.10402001,0.03374371946761978
FTNT,50566516736,51.55178,0.64588,0.04261187873788419
FTV,24180914176,2.6839256000000002,0.19634001,-0.07956304833992778
FBHS,13208799232,4.5877204,0.2631,0.16966286776977735
FOXA,23916292096,2.2172542,0.19115000000000001,0.11487005997232047
FOX,23211094016,2.0431352,0.19115000000000001,0.11487005997232047
BEN,15419876352,1.4827235,0.12217000000000001,0.3914548382213292
FCX,50296987648,4.601153,0.18766001000000002,0.03271337205028302
GPS,8922734592,3.1747952,0.28561002,0.00657942832078362
GRMN,30089906176,5.2642198,0.22934000000000002,0.14019818061201605
IT,26279153664,29.817364,0.7530800000000001,0.023027021403399184
GNRC,26288539648,17.241123,0.33971,0.21373771462248303
GD,57748234240,3.683826,0.22207001,0.03969685302640369
GE,926234378240,27.584314,0.06566000000000001,-0.044215750234748885
GIS,37403422720,4.2199435,0.24346,0.03360307984951327
GM,81875812352,1.6344734,0.24875000000000003,0.031385257655556
GPC,18115344384,5.448423,0.07657000400000001,-0.08230537589064968
GILD,85459820544,4.5087013,0.27137,0.11001671345351882
GL,9678737408,1.3928312,0.08343009057481098,0.11815131271494606
GPN,47196180480,1.7678477,0.032309998,-0.006263848589400323
GS,132717821952,1.5686479,0.20758000000000001,0.17126433077400272
GWW,21690306560,11.944101,0.43745998,0.048293089092422914
HAL,20801628160,4.0199447,0.02918,-0.18508885999133073
HBI,5962884096,12.305475,0.07189000400000001,0.046898103967018656
HIG,25867771904,1.4907368,0.12175999600000001,0.04651425505175322
HAS,12286286848,4.2081704,0.15117,0.22163950427908663
HCA,80111091712,327.4054,4.84902,0.0539748768254249
PEAK,18205190144,2.4787272914582363,7.000000000000001e-05,0.1344839064167176
HSIC,11508530176,3.3540921,0.11036000400000001,0.08690004518185379
HSY,36855640064,16.334864,0.71300006,0.1217938441562112
HES,25787078656,4.5633664,0.02,-0.13593793040124869
HPE,19288586240,1.1631753,0.06196000000000001,0.04270022971642562
HLT,39320645632,-26.46073152,0.4798657718120805,0.12021127231396678
HOLX,18377029632,4.842674,0.66317004,0.11699601061765574
HD,358828998656,205.65509,18.418129,0.37756655476617995
HON,151670194176,8.432576,0.27637,0.10066633719047702
HRL,22409381888,3.3341398,0.13194,0.2218864363613584
HST,11629236224,1.8924508,-0.13271000000000002,0.04754164973587982
HWM,13951202304,3.900252345540956,0.03263,-0.3484227308962533
HPQ,33695342592,-15.123583436983843,-1.2764811490125674,0.03627453909821621
HUM,52103593984,3.671855,0.28043,0.20275847836555005
HBAN,23588489216,1.4883505,0.10257000000000001,0.12876827948111047
HII,8161524224,4.1309795,0.39946997,0.16014791637035986
IEX,16236325888,6.229933,0.17016001,0.1574462127075822
IDXX,53130731520,75.68149,1.4255201,0.25216496814417666
INFO,50751815680,5.4917693,0.07298,0.0029837386244964126
ITW,67993817088,20.767004,0.7964,0.03610299973453679
ILMN,58991296512,11.985346,0.13184,0.036768726079825065
INCY,14437945344,5.2917943,0.12788000000000002,0.03915313343547089
IR,21685719040,2.4206388,0.043270003,2.469579120214329
INTC,218778845184,2.741348,0.22193001,0.12134862734757257
ICE,71133626368,3.564781,0.14754,0.33554866498047464
IBM,126710497280,5.9240537,0.24530001,0.024870881684254886
IP,21255757824,2.7395737000000002,0.14792000000000002,-0.05237369663290614
IPG,14838142976,5.160761,0.25925000000000004,0.016381345095454636
IFF,34403098624,2.3425455,0.01017,0.0201890345681337
INTU,146939559936,14.769555,0.28948998,0.7397739933152951
ISRG,40063852544,3.94538,0.12668000000000001,0.14750544528007237
IVZ,11707012096,1.1110139,0.09961,-0.07397711331471346
IPGP,8487756288,3.2606637,0.06418,0.07517627221440093
IQV,46730784768,7.8474417,0.10850999500000001,0.056470689432712495
IRM,12691822592,11.148871,0.29433000000000004,0.02406133222010043
JKHY,12217626624,9.29874,0.21712999,-0.038014819182746074
J,17559492608,2.9987177805705136,0.06781000000000001,0.0777863107601684
JBHT,18286366720,6.7177796,0.23055000000000003,0.08362387298217056
SJM,13200632832,1.6246632,0.096049994,-0.04043511054542026
JNJ,424872771584,6.452051,0.26806,0.10883292757151541
JCI,50377900032,2.8465556999999997,0.1014,-0.034809752406176786
JPM,514879422464,2.0665314,0.17365000000000003,0.25999012420652234
JNPR,9383195648,2.1160383,0.047040000000000005,0.061169761363250696
KSU,25696952320,6.0603914,0.02977,0.01810602035394604
K,21488703488,6.8478737,0.37425,0.024595764062855796
KEY,22030782464,1.4032269,0.13194999,0.17482826164924004
KEYS,30071209984,8.492716,0.22655001,0.089838441793749
KMB,45114658816,87.15775,5.84596,0.14656808218281747
KIM,9453741056,1.6692178,0.07403999600000001,0.05606823577699194
KMI,38361989120,1.1918666,0.05612,-0.02945102957239365
KLAC,50598387712,16.252277,0.6859700000000001,0.10680692589192198
KHC,45354401792,0.9017729999999999,0.0438,-0.01596845736816166
KR,29546000384,3.2014914,0.16371000000000002,0.07526073890754814
LHX,47277510656,2.2303236,0.07085000000000001,-0.035893155258764575
LH,27287609344,2.7257023,0.30958,0.11222736944764611
LRCX,79270494208,14.756153,0.6984300000000001,0.21311915934671588
LW,8513612288,18.84715,0.88204,-0.09714089612423049
LVS,28358379520,10.608745,-0.53995997,-0.10310789258157682
LEG,6071427584,4.1707854,0.21605000000000002,-0.012955734573540378
LDOS,13778408448,3.584219,0.19103001,0.33564641827692965
LEN,28821018624,1.4841814,0.18791000000000002,0.01960747915726535
LLY,223625445376,30.72605,1.18341,0.18701270932976288
LNC,13754448896,0.7048711999999999,0.06630000500000001,0.09316198720878477
LIN,155572174848,3.3677812,0.07200000000000001,0.018669468433935243
LYV,21643057152,156.04560518078978,-4.4692,-0.035197298739068406
LKQ,15700233216,2.6890235000000002,0.13951000000000002,-0.032818814086683856
LMT,97771626496,15.493504,1.39531,0.06695000841609167
L,14982609920,0.8694921999999999,0.08913,-0.024403292681444033
LOW,146962415616,334.2444,3.3532598,0.18403384763497255
LUMN,14037436416,1.2576094239741982,-0.07486000000000001,-0.08260480059312347
LYB,32753315840,3.7214603,0.45109000000000005,0.16323311976343025
MTB,19772833792,1.3011895,0.10706,0.18960394812642867
MRO,12106030080,1.134249,-0.0497,-0.11306495430970609
MPC,41400033280,1.8621702,-0.00911,-0.13594301716790458
MKTX,15946656768,16.13776,0.30762,0.3942686898516121
MAR,51369553920,219.40195,-2.8878500000000003,-0.01397149814378662
MMC,79636111360,8.445236,0.26714000000000004,0.05395924355008441
MLM,22487674880,3.8137993999999997,0.13232000000000002,0.04433653124876624
MAS,14496256000,34.43291287410926,21.68831,0.14919435050726082
MA,350741430272,55.489185,1.0965899,0.1487207552332741
MTCH,44218724352,-37.60143695710405,-0.10916583380531168,-0.6441063824216781
MKC,21484220416,5.1760087,0.188,0.16672296156184552
MCD,185289932800,-23.679527106176433,-0.6045444670219428,0.10768077994898007
MCK,31769735168,21.97077095214384,-1.06387,0.06152138063905177
MDT,172322668544,3.3179857999999998,0.07655,0.026397909338508496
MRK,207476998144,7.6975102,0.2791404984792827,0.08520445039515612
MET,56643661824,0.77305394,0.06387000000000001,0.073849739959998
MTD,32677683200,161.24928,2.57067,0.00904449505811633
MGM,21961297920,3.4916549999999997,-0.11036999500000001,0.07729810136603832
MCHP,40824504320,7.6491394,0.08685000000000001,-0.054360987254750026
MU,79104966656,1.9446436,0.08229999,0.09800151369484733
MSFT,2220683427840,16.51543,0.47079000000000004,0.10775577393457247
MAA,21963186176,3.7811415,0.068509996,-0.003175206692519028
MRNA,124216696832,32.32264,0.72427005,3.615986188689977
MHK,12639455232,1.4883034,0.12302,0.0702990584670733
TAP,10243107840,0.8135785999999999,-0.041890003,-0.05296987505110917
MDLZ,84128079872,3.1071336,0.16114001,0.05107339378439124
MPWR,21605040128,21.140759,0.20558001,0.2636162593125082
MNST,47607578624,8.71842,0.30381,0.20432855851405884
MCO,67951726592,33.47381,1.15787,0.20886507549926936
MS,183826300928,1.8744428,0.13928000000000001,0.2461758553721176
MOS,15016737792,1.5598865,0.14815,0.025457937145374032
MSI,40185868288,-74.28071312384472,-1.700716845878136,0.021988348054876816
MSCI,50154151936,-113.1550199217569,-1.357797461386085,-0.0013775916358876872
NDAQ,32475643904,5.1334524,0.18152000000000001,0.2912237862683138
NTAP,20384147456,29.536617,1.5749699,0.24434990693964376
NFLX,280164171776,21.743692,0.35307000000000005,0.15613056173774953
NWL,9564996608,2.4941776,0.19051,-0.06022247794399693
NEM,43751456768,1.8913864999999999,0.10976000000000001,0.03489768349427136
NWSA,13847540736,1.7479113,0.00034,-0.09229202469607278
NWS,14625902592,1.7164503,0.00034,-0.09229202469607278
NEE,158720524288,4.2464314,0.057550002,0.08490878656821677
NLSN,6976351232,2.3434489,0.041350003,-0.01285005936168726
NKE,239918465024,20.10992,0.32685003,0.32149934646034484
NI,9632848896,1.9065362000000001,0.043709997,-0.02733033830836984
NSC,64977575936,4.437419,0.15613000000000002,0.0010283996519262484
NTRS,23509411840,2.2235565,0.1102,0.24246062951843328
NOC,61599772672,5.8526664,0.43555000000000005,0.08226045900362622
NLOK,14921985024,-29.843970935039998,-1.108,-0.17763413057530708
NCLH,9980791808,2.280064,-0.80022,0.10277250295317253
NRG,10098549760,6.6548386,0.20111,0.18921075732184178
NUE,29609994240,2.5866575,0.27493,0.0970706144227429
NVDA,131297247232,6.993529,0.40375000000000005,0.6627779382038694
NVR,17711925248,5.817844,0.40021,0.5163836039282748
NXPI,53453557760,6.4378467,0.1282,-0.008443245403677024
ORLY,42665267200,304.19133097577327,38.3534,0.0820629719067365
OXY,30317449216,3.550891,-0.45251,-0.2530646515533166
ODFL,,,,
OMC,16230011904,5.054253,0.40272,0.032251319847368176
OKE,27066372096,4.439167,0.22198,0.058070143660031937
ORCL,257729511424,49.602364,3.0970001,0.13573519984753712
OGN,,,0.3937294932555596,-0.05953735305271146
OTIS,36211085312,-11.312429557963137,-0.23643006263048016,0.10560545060390214
PCAR,28817420288,2.6875386,0.16739,-0.003564741847107533
PKG,13552807936,4.0328465,0.1420078242922712,0.02728101937588101
PH,37395267584,5.058748,0.23839001,0.022800313338565692
PAYX,42753110016,14.361458,0.38311002,0.07911632965722104
PAYC,30795192320,39.632095,0.24489000000000002,0.04865260883254252
PYPL,309588361216,15.914252,0.2942,0.37102838330119026
PENN,11742485504,4.283351,0.015070000000000002,0.03330867589559339
PNR,12034686976,5.485606,0.22472000000000003,0.013938881507428391
PBCT,7581454336,1.0307621,0.040560003000000004,0.07683931332757576
PEP,216073109504,15.496432,0.5903900000000001,0.18296052045272249
PKI,19167561728,4.7880383,0.32813000000000003,0.21744086316200306
PFE,239245279232,3.4841444,0.14031000000000002,-0.079746291633352
PM,149074362368,-14.022608791346064,-0.6410440041378213,0.04524781341107875
PSX,34722856960,1.9313201,-0.06766000000000001,-0.06810286103542229
PNW,7688491008,1.3529762,0.10097,0.08340025976166676
PXD,45048176640,2.2053168,0.015590000000000001,0.0073868398994132445
PNC,85736341504,1.7040176,0.10995,0.13742307364213557
POOL,18149570560,27.572046,0.7882600000000001,0.1728644760953193
PPG,35677454336,6.1101184,0.27209,0.10435961147503958
PPL,21851754496,1.8913159,0.055650000000000005,0.05332749562171624
PFG,18488655872,1.2022854,0.10031000000000001,0.07439626089961227
PG,348432105472,7.620476,0.30688998,-0.0115410107705054
PGR,53344239616,3.0751061,0.31037000000000003,0.16732318955391046
PLD,95711830016,2.9960866,0.04617,0.4005099689372338
PRU,42745057280,0.73703945,0.048860002,0.04926652330260817
PTC,14045970432,8.509734,0.15104,0.2695163379854597
PEG,30537922560,1.9064136,0.13354000000000002,0.04860674628116479
PSA,52761116672,10.95875,0.16396000000000002,0.03969066232696239
PHM,12532959232,1.8794857,0.24677000000000002,0.13904040997435785
PVH,7635487232,1.5770081,0.01271,-0.02475973883060667
QRVO,18614009856,4.0196934,0.20497,0.10071940691531767
PWR,,,,
QCOM,144203513856,19.440388,1.60324,0.0800133507297387
DGX,17444720640,2.787003,0.39078,0.09211243478937936
RL,8614325248,3.2943592,0.06497,0.08346268492699083
RJF,13172889600,1.7317941000000001,0.14484000000000002,0.22281740921967552
RTX,136585371648,1.848646091538087,0.032479998,0.1614296458116964
O,25335449600,2.1961012,0.03257,0.11778566576533644
REG,11880148992,1.9842260999999999,0.037750002000000005,-0.017548020153692168
REGN,58814418944,4.7775326,0.51317,0.15927511955258966
RF,21004077056,1.2952754,0.1437,0.1675301013941699
RSG,39895076864,4.6208706,0.13223000000000001,0.03307206023682108
RMD,37105635328,13.695886,0.18416001,0.1167797312450185
RHI,12083356672,9.923127,0.2541100101303505,0.10643555789371684
ROK,35384913920,19.472374,0.83628,0.1884017667266482
ROL,18080636928,18.278608,0.34877998,0.0582007548831216
ROP,47710101504,4.4316607,0.10163000000000001,0.3266846688644811
ROST,38536929280,10.549418,0.39576998,0.36043728278960385
RCL,22603360256,2.4639251,-0.5474800000000001,0.07074152075884244
SPGI,104261517312,101.02708,0.75109,0.1047761720126894
CRM,253226729472,6.081506,0.11517999,0.20271741102202223
SBAC,36947673088,-7.6827263770931795,-0.0049962876074075395,-0.061672811341789924
SLB,43376197632,3.4581939999999998,-0.19382000000000002,-0.24644835914192353
STX,18717233152,38.795067,1.0868499,-0.028555431131018993
SEE,8818040832,51.660683,40.818558,0.05526261014362044
SRE,38413582336,1.6879015,0.09702000000000001,0.014589202771643883
NOW,125956022272,41.47455,0.059270002,0.4470997587352614
SHW,78122811392,25.360441,0.6470600400000001,-0.004615489700529829
SPG,44027510784,14.567886,0.50394,0.11383382807749709
SWKS,26784688128,5.684255,0.30895,0.05519051161252997
SNA,11689932800,3.014069,0.21484000000000003,0.15171687011504353
SO,66344341504,2.3293066,0.095240004,0.03567818028643632
LUV,31958013952,3.5141109999999998,-0.15579,0.33570187294844556
SWK,28683128832,2.8967755,0.17179000000000003,0.1441839915325831
SBUX,132217044992,-16.952207425022436,-0.11893505528436535,0.5283616724593645
STT,30979174400,1.3462498,0.09488,0.2813240503236838
STE,21662758912,4.779635,0.05666,0.20834988247277497
SYK,100237926400,7.4211726,0.15677000000000002,0.13799847515497077
SIVB,36149956608,4.077037,0.19908,0.6268032504741257
SYF,28858941440,2.2695878,0.25429,-0.08469272890313473
SNPS,45523804160,8.945822,0.15411000000000002,0.25368640283771215
SYY,42394804224,30.366434,-0.14055,0.2594683600977419
TMUS,153582059520,2.340935,0.06,1.3028036953095339
TROW,44141641728,5.5143685,0.38951,0.142394752636543
TTWO,19838521344,5.595714,0.20777,0.2181092427465714
TPR,10646798336,3.5306084,0.30139000000000005,0.05782287170944711
TGT,113697472512,7.621543,0.45980000000000004,0.19797096706327877
TEL,48348241920,5.0034175,0.17497000000000001,-0.022951152635320438
TDY,19987705856,4.7707224,0.07366,0.11026682387877207
TFX,17477562368,5.1770487,0.10706,0.1335599113762358
TER,18527021056,7.97752,0.44970000000000004,0.31048713784717274
TSLA,764508307456,33.204052,0.0716,0.51995103325658
TXN,180373471232,17.737717,0.7155400000000001,0.0739815739815739
TXT,16544470016,2.7615569,0.12142999500000001,0.02829937408443195
TMO,229335777280,6.541592,0.25764000000000004,0.1827820695089155
TJX,78397726720,12.768717,0.27796000000000004,0.2761876650004973
TSCO,22820687872,12.355695,0.47765,0.33272052011733955
TT,42379419648,6.593863029982418,0.21982001,-0.11397451725770169
TDG,35571728384,-8.964649083417338,-0.17598187311178248,0.1316517994463242
TRV,39540355072,1.3989075,0.13562000000000002,0.06031492344853895
TRMB,20804999168,5.6617947,0.1472,0.03556853946120131
TFC,81390321664,1.147765186498195,0.08165,0.07641446019472475
TWTR,51056185344,6.58263,0.050010000000000006,0.053190609214596174
TYL,19175299072,9.30052,0.09764,0.1896593104442661
TSN,28701126656,1.8015708,0.14885001,0.04672215808979896
UDR,,,,
ULTA,20772423680,10.552038,0.39855,0.04648498151267133
USB,92634357760,2.0265932,0.13912000000000002,0.11803780988482648
UAA,9021042688,5.4505552999999995,0.22038999,0.03862822391350451
UA,8945829888,4.719856,0.22038999,0.03862822391350451
UNP,140752519168,8.670459,0.38251,0.01175554943005852
UAL,16023581696,3.0778792,-0.82392997,0.13185455513105615
UNH,381916217344,5.7532377,0.21114999,0.1345686041095182
UPS,159158059008,22.105904,0.79984003,0.07865945348013215
URI,25508212736,5.3756046,0.22242,-0.058091723774380655
UHS,11335604224,1.7331547,0.176,0.1550043065583957
VLO,31024883712,1.7428644,-0.051760003000000006,-0.03880142581315904
VTR,20523962368,2.058082,0.0152,-0.030892498556629677
VRSN,23608322048,-16.981984559034036,-0.5861668625620235,-0.046978736349176264
VRSK,33510694912,12.186266,0.2756,0.0718051933325774
VZ,223149768704,3.1326284,0.29518998,0.08485330463069918
VRTX,46601060352,5.1884947,0.2383,0.4127375663659101
VFC,26837151744,8.771481,0.2543,0.23540096239633868
VIAC,25897195520,1.4844364488131423,0.17686000000000002,0.06207522436220625
VTRS,16474035200,0.7176946760639712,-0.124230005,0.9693493945065668
V,507295301632,14.334122,0.29637,0.11498608317028136
VNO,8338300416,1.6173357,-0.00483,-0.11293211198570263
VMC,23433945088,3.8189127,0.11205000000000001,0.09748635361772928
WRB,13739931648,2.141909,0.15028000000000002,0.0729412083289327
WAB,17072189440,1.6820916000000001,0.04163,-0.025849600405401074
WMT,390171361280,4.985856,0.12319000000000001,0.06765893570688597
WBA,41361252352,1.9591385,-0.029260002,0.2895943666972396
DIS,322886664192,3.7747995999999997,-0.039240000000000004,0.03899806169580988
WM,65003339776,8.751421,0.22461000000000003,0.057744295858414674
WAT,21367500800,92.74505,17.26095,0.1106213984446951
WEC,28300828672,2.6284644999999998,0.12001,0.05940466585411919
WFC,197779881984,1.1848471,0.09672000000000001,0.014322807909501911
WELL,34625015808,2.1915963,0.03873,-0.026875039450131033
WST,30837635072,16.855103,0.28535998,0.19321773298026823
WDC,17587337216,1.7651400000000002,0.036160000000000005,-0.026848691695108062
WU,8512441344,38.95131,7.60921,0.08423816863618194
WRK,13418285056,1.2229507,-0.0627,-0.04566149479220205
WY,26956754944,2.8881040000000002,0.24555999,-0.00579056442764847
WHR,12834326528,3.0580757,0.42664,0.07780308246385248
WMB,33575964672,2.8761706,0.08247,-0.04072545612510858
WLTW,31147945984,2.70234,0.13140000000000002,0.08764749054366838
WYNN,9951206400,41.968582,5.872905166805399,-0.0001250064792140959
XEL,34429100032,2.3415082,0.10998999,0.06955677132889315
XLNX,38865776640,13.458494,0.27909002,0.17596595511847224
XYL,22029938688,7.4989276,0.1302,0.13488975356679633
YUM,37303160832,-4.727304805251552,-0.11456089215562033,0.11871535079334739
ZBRA,26991634432,11.194931,0.34699002,0.1409467204415198
ZBH,30801131520,2.4740026,0.07596,-0.00896962907945631
ZION,10331875328,1.4023033,0.14544,0.1779188110796277
ZTS,94483382272,23.116505,0.51942,0.17877869207449115
